<Configuration>
  <Remove All="False">
    <Product ID="HomeBusinessRetail" >
      <Language ID="MatchOS" />
      <Language ID="en-us" />
      <Language ID="MatchPreviousMSI" />
    </Product>

<Product ID="HomeBusiness2019Retail" >
      <Language ID="MatchOS" />
      <Language ID="en-us" />
      <Language ID="MatchPreviousMSI" />
    </Product>

<Product ID="HomeBusiness2021Retail" >
      <Language ID="MatchOS" />
      <Language ID="en-us" />
      <Language ID="MatchPreviousMSI" />
    </Product>

<Product ID="HomeBusiness2024Retail" >
      <Language ID="MatchOS" />
      <Language ID="en-us" />
      <Language ID="MatchPreviousMSI" />
    </Product>

<Product ID="HomeStudentRetail" >
      <Language ID="MatchOS" />
      <Language ID="en-us" />
      <Language ID="MatchPreviousMSI" />
    </Product>

<Product ID="HomeStudent2019Retail" >
      <Language ID="MatchOS" />
      <Language ID="en-us" />
      <Language ID="MatchPreviousMSI" />
    </Product>

<Product ID="HomeStudent2021Retail" >
      <Language ID="MatchOS" />
      <Language ID="en-us" />
      <Language ID="MatchPreviousMSI" />
    </Product>

<Product ID="Home2024Retail" >
      <Language ID="MatchOS" />
      <Language ID="en-us" />
      <Language ID="MatchPreviousMSI" />
    </Product>

  </Remove>
</Configuration>